seq,sample_id,audio,gt_azimuth_deg,pred_azimuth_deg,error_deg,pred_offset_deg,pred_corrected_azimuth_deg,corrected_error_deg,distance_m
data/test/clock3,0001,data/test/clock3/audio/0001.wav,120.295354,-36.500000,156.795354,77.000000,40.500000,79.795354,2.581685
data/test/clock3,0002,data/test/clock3/audio/0002.wav,120.366771,-40.500000,160.866771,77.000000,36.500000,83.866771,2.584130
data/test/clock3,0003,data/test/clock3/audio/0003.wav,120.386032,-38.500000,158.886032,77.000000,38.500000,81.886032,2.587360
data/test/clock3,0004,data/test/clock3/audio/0004.wav,120.278702,-35.500000,155.778702,77.000000,41.500000,78.778702,2.586084
data/test/clock3,0005,data/test/clock3/audio/0005.wav,120.249073,-32.000000,152.249073,77.000000,45.000000,75.249073,2.587906
data/test/clock3,0006,data/test/clock3/audio/0006.wav,120.295027,-24.000000,144.295027,77.000000,53.000000,67.295027,2.590964
data/test/clock3,0007,data/test/clock3/audio/0007.wav,120.374735,-24.500000,144.874735,77.000000,52.500000,67.874735,2.588764
data/test/clock3,0008,data/test/clock3/audio/0008.wav,120.495137,-26.500000,146.995137,77.000000,50.500000,69.995137,2.589421
data/test/clock3,0009,data/test/clock3/audio/0009.wav,120.642478,-26.000000,146.642478,77.000000,51.000000,69.642478,2.595145
data/test/clock3,0010,data/test/clock3/audio/0010.wav,120.828697,-24.500000,145.328697,77.000000,52.500000,68.328697,2.600616
data/test/clock3,0011,data/test/clock3/audio/0011.wav,121.263165,-26.000000,147.263165,77.000000,51.000000,70.263165,2.614213
data/test/clock3,0012,data/test/clock3/audio/0012.wav,122.055603,-25.000000,147.055603,77.000000,52.000000,70.055603,2.635668
data/test/clock3,0013,data/test/clock3/audio/0013.wav,122.740152,-26.000000,148.740152,77.000000,51.000000,71.740152,2.658677
data/test/clock3,0014,data/test/clock3/audio/0014.wav,123.395741,-30.000000,153.395741,77.000000,47.000000,76.395741,2.676533
data/test/clock3,0015,data/test/clock3/audio/0015.wav,123.716514,-33.000000,156.716514,77.000000,44.000000,79.716514,2.688208
data/test/clock3,0016,data/test/clock3/audio/0016.wav,123.797862,-39.500000,163.297862,77.000000,37.500000,86.297862,2.687230
data/test/clock3,0017,data/test/clock3/audio/0017.wav,123.874333,-43.000000,166.874333,77.000000,34.000000,89.874333,2.689491
data/test/clock3,0018,data/test/clock3/audio/0018.wav,123.696720,-38.500000,162.196720,77.000000,38.500000,85.196720,2.690425
data/test/clock3,0019,data/test/clock3/audio/0019.wav,123.560321,-39.000000,162.560321,77.000000,38.000000,85.560321,2.690728
data/test/clock3,0020,data/test/clock3/audio/0020.wav,123.413063,-35.500000,158.913063,77.000000,41.500000,81.913063,2.685111
data/test/clock3,0021,data/test/clock3/audio/0021.wav,123.373789,-35.500000,158.873789,77.000000,41.500000,81.873789,2.679083
data/test/clock3,0022,data/test/clock3/audio/0022.wav,123.297810,-40.000000,163.297810,77.000000,37.000000,86.297810,2.673576
data/test/clock3,0023,data/test/clock3/audio/0023.wav,122.931507,-39.000000,161.931507,77.000000,38.000000,84.931507,2.661785
data/test/clock3,0024,data/test/clock3/audio/0024.wav,122.629394,-40.000000,162.629394,77.000000,37.000000,85.629394,2.654084
data/test/clock3,0025,data/test/clock3/audio/0025.wav,122.085110,-36.000000,158.085110,77.000000,41.000000,81.085110,2.638627
data/test/clock3,0026,data/test/clock3/audio/0026.wav,121.471363,-36.500000,157.971363,77.000000,40.500000,80.971363,2.621814
data/test/clock3,0027,data/test/clock3/audio/0027.wav,120.652546,-35.000000,155.652546,77.000000,42.000000,78.652546,2.601921
data/test/clock3,0028,data/test/clock3/audio/0028.wav,119.732929,-35.000000,154.732929,77.000000,42.000000,77.732929,2.574438
data/test/clock3,0029,data/test/clock3/audio/0029.wav,118.926735,-39.000000,157.926735,77.000000,38.000000,80.926735,2.550548
data/test/clock3,0030,data/test/clock3/audio/0030.wav,118.098287,-40.000000,158.098287,77.000000,37.000000,81.098287,2.530222
data/test/clock3,0031,data/test/clock3/audio/0031.wav,117.295672,-39.000000,156.295672,77.000000,38.000000,79.295672,2.509081
data/test/clock3,0032,data/test/clock3/audio/0032.wav,116.655014,-40.500000,157.155014,77.000000,36.500000,80.155014,2.496068
data/test/clock3,0033,data/test/clock3/audio/0033.wav,115.935809,-41.000000,156.935809,77.000000,36.000000,79.935809,2.478824
data/test/clock3,0034,data/test/clock3/audio/0034.wav,115.483869,-42.000000,157.483869,77.000000,35.000000,80.483869,2.462514
data/test/clock3,0035,data/test/clock3/audio/0035.wav,115.047802,-43.000000,158.047802,77.000000,34.000000,81.047802,2.453376
data/test/clock3,0036,data/test/clock3/audio/0036.wav,114.527506,-42.000000,156.527506,77.000000,35.000000,79.527506,2.446038
data/test/clock3,0037,data/test/clock3/audio/0037.wav,114.163586,-40.000000,154.163586,77.000000,37.000000,77.163586,2.435254
data/test/clock3,0038,data/test/clock3/audio/0038.wav,113.771854,-37.500000,151.271854,77.000000,39.500000,74.271854,2.424703
data/test/clock3,0039,data/test/clock3/audio/0039.wav,113.466169,-29.000000,142.466169,77.000000,48.000000,65.466169,2.418751
data/test/clock3,0040,data/test/clock3/audio/0040.wav,113.293243,-29.500000,142.793243,77.000000,47.500000,65.793243,2.410204
data/test/clock3,0041,data/test/clock3/audio/0041.wav,113.639868,-29.000000,142.639868,77.000000,48.000000,65.639868,2.404797
data/test/clock3,0042,data/test/clock3/audio/0042.wav,114.082901,-27.000000,141.082901,77.000000,50.000000,64.082901,2.394670
data/test/clock3,0043,data/test/clock3/audio/0043.wav,114.497507,-27.000000,141.497507,77.000000,50.000000,64.497507,2.381176
data/test/clock3,0044,data/test/clock3/audio/0044.wav,115.380883,-28.000000,143.380883,77.000000,49.000000,66.380883,2.375480
data/test/clock3,0045,data/test/clock3/audio/0045.wav,116.230477,-25.000000,141.230477,77.000000,52.000000,64.230477,2.370630
data/test/clock3,0046,data/test/clock3/audio/0046.wav,115.440674,-27.000000,142.440674,77.000000,50.000000,65.440674,2.355078
data/test/clock3,0047,data/test/clock3/audio/0047.wav,113.978713,-26.500000,140.478713,77.000000,50.500000,63.478713,2.334886
data/test/clock3,0048,data/test/clock3/audio/0048.wav,111.884509,-27.000000,138.884509,77.000000,50.000000,61.884509,2.312641
data/test/clock3,0049,data/test/clock3/audio/0049.wav,109.202465,-37.500000,146.702465,77.000000,39.500000,69.702465,2.292917
data/test/clock3,0050,data/test/clock3/audio/0050.wav,106.461797,-39.500000,145.961797,77.000000,37.500000,68.961797,2.274592
data/test/clock3,0051,data/test/clock3/audio/0051.wav,104.130393,-49.500000,153.630393,77.000000,27.500000,76.630393,2.263723
data/test/clock3,0052,data/test/clock3/audio/0052.wav,102.627841,-53.500000,156.127841,77.000000,23.500000,79.127841,2.250567
data/test/clock3,0053,data/test/clock3/audio/0053.wav,101.242234,-51.500000,152.742234,77.000000,25.500000,75.742234,2.237622
data/test/clock3,0054,data/test/clock3/audio/0054.wav,100.332050,-53.500000,153.832050,77.000000,23.500000,76.832050,2.231306
data/test/clock3,0055,data/test/clock3/audio/0055.wav,99.729996,-55.000000,154.729996,77.000000,22.000000,77.729996,2.232397
data/test/clock3,0056,data/test/clock3/audio/0056.wav,98.868238,-57.500000,156.368238,77.000000,19.500000,79.368238,2.234020
data/test/clock3,0057,data/test/clock3/audio/0057.wav,97.511121,-60.500000,158.011121,77.000000,16.500000,81.011121,2.228775
data/test/clock3,0058,data/test/clock3/audio/0058.wav,95.758193,-55.500000,151.258193,77.000000,21.500000,74.258193,2.218698
data/test/clock3,0059,data/test/clock3/audio/0059.wav,93.818830,-66.000000,159.818830,77.000000,11.000000,82.818830,2.210864
data/test/clock3,0060,data/test/clock3/audio/0060.wav,91.273969,-66.000000,157.273969,77.000000,11.000000,80.273969,2.199446
data/test/clock3,0061,data/test/clock3/audio/0061.wav,88.432174,-65.000000,153.432174,77.000000,12.000000,76.432174,2.184378
data/test/clock3,0062,data/test/clock3/audio/0062.wav,84.774273,-65.000000,149.774273,77.000000,12.000000,72.774273,2.174107
data/test/clock3,0063,data/test/clock3/audio/0063.wav,80.507050,-69.000000,149.507050,77.000000,8.000000,72.507050,2.168361
data/test/clock3,0064,data/test/clock3/audio/0064.wav,75.924499,-68.000000,143.924499,77.000000,9.000000,66.924499,2.164930
data/test/clock3,0065,data/test/clock3/audio/0065.wav,72.984560,-71.500000,144.484560,77.000000,5.500000,67.484560,2.175891
data/test/clock3,0066,data/test/clock3/audio/0066.wav,70.846048,-71.000000,141.846048,77.000000,6.000000,64.846048,2.186504
data/test/clock3,0067,data/test/clock3/audio/0067.wav,69.540287,-71.000000,140.540287,77.000000,6.000000,63.540287,2.208998
data/test/clock3,0068,data/test/clock3/audio/0068.wav,68.029640,-73.500000,141.529640,77.000000,3.500000,64.529640,2.227417
data/test/clock3,0069,data/test/clock3/audio/0069.wav,68.557218,-69.500000,138.057218,77.000000,7.500000,61.057218,2.253871
data/test/clock3,0070,data/test/clock3/audio/0070.wav,69.009813,-68.000000,137.009813,77.000000,9.000000,60.009813,2.273704
data/test/clock3,0071,data/test/clock3/audio/0071.wav,69.963588,-67.000000,136.963588,77.000000,10.000000,59.963588,2.292670
data/test/clock3,0072,data/test/clock3/audio/0072.wav,70.805627,-65.500000,136.305627,77.000000,11.500000,59.305627,2.314970
data/test/clock3,0073,data/test/clock3/audio/0073.wav,71.686961,-62.500000,134.186961,77.000000,14.500000,57.186961,2.338610
data/test/clock3,0074,data/test/clock3/audio/0074.wav,72.486318,-61.500000,133.986318,77.000000,15.500000,56.986318,2.361945
data/test/clock3,0075,data/test/clock3/audio/0075.wav,73.505874,-61.000000,134.505874,77.000000,16.000000,57.505874,2.385161
data/test/clock3,0076,data/test/clock3/audio/0076.wav,74.369108,-59.000000,133.369108,77.000000,18.000000,56.369108,2.406280
data/test/clock3,0077,data/test/clock3/audio/0077.wav,75.711534,-53.000000,128.711534,77.000000,24.000000,51.711534,2.426837
data/test/clock3,0078,data/test/clock3/audio/0078.wav,77.075195,-51.000000,128.075195,77.000000,26.000000,51.075195,2.447409
data/test/clock3,0079,data/test/clock3/audio/0079.wav,78.545085,-45.000000,123.545085,77.000000,32.000000,46.545085,2.470421
data/test/clock3,0080,data/test/clock3/audio/0080.wav,80.242579,-37.500000,117.742579,77.000000,39.500000,40.742579,2.490210
data/test/clock3,0081,data/test/clock3/audio/0081.wav,81.624599,-32.500000,114.124599,77.000000,44.500000,37.124599,2.504856
data/test/clock3,0082,data/test/clock3/audio/0082.wav,83.481325,-28.500000,111.981325,77.000000,48.500000,34.981325,2.520292
data/test/clock3,0083,data/test/clock3/audio/0083.wav,85.190170,-27.500000,112.690170,77.000000,49.500000,35.690170,2.538165
data/test/clock3,0084,data/test/clock3/audio/0084.wav,86.913167,-24.500000,111.413167,77.000000,52.500000,34.413167,2.554878
data/test/clock3,0085,data/test/clock3/audio/0085.wav,88.840120,-18.000000,106.840120,77.000000,59.000000,29.840120,2.569335
data/test/clock3,0086,data/test/clock3/audio/0086.wav,90.773330,-14.500000,105.273330,77.000000,62.500000,28.273330,2.583737
data/test/clock3,0087,data/test/clock3/audio/0087.wav,92.575797,-12.000000,104.575797,77.000000,65.000000,27.575797,2.595878
data/test/clock3,0088,data/test/clock3/audio/0088.wav,94.337289,-10.000000,104.337289,77.000000,67.000000,27.337289,2.610472
data/test/clock3,0089,data/test/clock3/audio/0089.wav,96.126791,-6.500000,102.626791,77.000000,70.500000,25.626791,2.616374
data/test/clock3,0090,data/test/clock3/audio/0090.wav,97.884923,-5.500000,103.384923,77.000000,71.500000,26.384923,2.621780
data/test/clock3,0091,data/test/clock3/audio/0091.wav,99.641067,-2.000000,101.641067,77.000000,75.000000,24.641067,2.625073
data/test/clock3,0092,data/test/clock3/audio/0092.wav,101.437509,-2.000000,103.437509,77.000000,75.000000,26.437509,2.626558
data/test/clock3,0093,data/test/clock3/audio/0093.wav,103.250966,1.000000,102.250966,77.000000,78.000000,25.250966,2.625983
data/test/clock3,0094,data/test/clock3/audio/0094.wav,105.007383,2.000000,103.007383,77.000000,79.000000,26.007383,2.627886
data/test/clock3,0095,data/test/clock3/audio/0095.wav,106.828188,3.500000,103.328188,77.000000,80.500000,26.328188,2.631535
data/test/clock3,0096,data/test/clock3/audio/0096.wav,109.228611,6.000000,103.228611,77.000000,83.000000,26.228611,2.631180
data/test/clock3,0097,data/test/clock3/audio/0097.wav,111.352595,7.000000,104.352595,77.000000,84.000000,27.352595,2.628683
data/test/clock3,0098,data/test/clock3/audio/0098.wav,113.699652,8.500000,105.199652,77.000000,85.500000,28.199652,2.625870
data/test/clock3,0099,data/test/clock3/audio/0099.wav,115.800844,8.500000,107.300844,77.000000,85.500000,30.300844,2.618141
data/test/clock3,0100,data/test/clock3/audio/0100.wav,118.192872,9.500000,108.692872,77.000000,86.500000,31.692872,2.614542
data/test/clock3,0101,data/test/clock3/audio/0101.wav,119.714406,11.000000,108.714406,77.000000,88.000000,31.714406,2.607658
data/test/clock3,0102,data/test/clock3/audio/0102.wav,121.188484,11.500000,109.688484,77.000000,88.500000,32.688484,2.602458
data/test/clock3,0103,data/test/clock3/audio/0103.wav,122.199461,13.000000,109.199461,77.000000,90.000000,32.199461,2.597984
data/test/clock3,0104,data/test/clock3/audio/0104.wav,122.855596,12.500000,110.355596,77.000000,89.500000,33.355596,2.589457
data/test/clock3,0105,data/test/clock3/audio/0105.wav,123.745624,14.000000,109.745624,77.000000,91.000000,32.745624,2.581752
data/test/clock3,0106,data/test/clock3/audio/0106.wav,124.502669,14.000000,110.502669,77.000000,91.000000,33.502669,2.571952
data/test/clock3,0107,data/test/clock3/audio/0107.wav,125.428037,14.000000,111.428037,77.000000,91.000000,34.428037,2.568443
data/test/clock3,0108,data/test/clock3/audio/0108.wav,126.569935,14.000000,112.569935,77.000000,91.000000,35.569935,2.563100
data/test/clock3,0109,data/test/clock3/audio/0109.wav,127.754276,15.500000,112.254276,77.000000,92.500000,35.254276,2.559357
data/test/clock3,0110,data/test/clock3/audio/0110.wav,129.495647,17.000000,112.495647,77.000000,94.000000,35.495647,2.549284
data/test/clock3,0111,data/test/clock3/audio/0111.wav,130.928292,17.500000,113.428292,77.000000,94.500000,36.428292,2.541038
data/test/clock3,0112,data/test/clock3/audio/0112.wav,132.550995,20.000000,112.550995,77.000000,97.000000,35.550995,2.534321
data/test/clock3,0113,data/test/clock3/audio/0113.wav,134.120545,21.500000,112.620545,77.000000,98.500000,35.620545,2.523831
data/test/clock3,0114,data/test/clock3/audio/0114.wav,135.907118,24.000000,111.907118,77.000000,101.000000,34.907118,2.506877
data/test/clock3,0115,data/test/clock3/audio/0115.wav,137.647559,25.000000,112.647559,77.000000,102.000000,35.647559,2.492839
data/test/clock3,0116,data/test/clock3/audio/0116.wav,139.303662,27.000000,112.303662,77.000000,104.000000,35.303662,2.477680
data/test/clock3,0117,data/test/clock3/audio/0117.wav,140.893497,32.000000,108.893497,77.000000,109.000000,31.893497,2.465513
data/test/clock3,0118,data/test/clock3/audio/0118.wav,142.537633,38.000000,104.537633,77.000000,115.000000,27.537633,2.451482
data/test/clock3,0119,data/test/clock3/audio/0119.wav,143.993010,46.000000,97.993010,77.000000,123.000000,20.993010,2.437561
data/test/clock3,0120,data/test/clock3/audio/0120.wav,145.759201,47.500000,98.259201,77.000000,124.500000,21.259201,2.422974
data/test/clock3,0121,data/test/clock3/audio/0121.wav,147.330336,54.000000,93.330336,77.000000,131.000000,16.330336,2.408631
data/test/clock3,0122,data/test/clock3/audio/0122.wav,149.196986,56.500000,92.696986,77.000000,133.500000,15.696986,2.396981
data/test/clock3,0123,data/test/clock3/audio/0123.wav,150.955650,56.500000,94.455650,77.000000,133.500000,17.455650,2.387740
data/test/clock3,0124,data/test/clock3/audio/0124.wav,152.879031,56.500000,96.379031,77.000000,133.500000,19.379031,2.374451
data/test/clock3,0125,data/test/clock3/audio/0125.wav,154.922105,58.000000,96.922105,77.000000,135.000000,19.922105,2.353451
data/test/clock3,0126,data/test/clock3/audio/0126.wav,156.559370,61.000000,95.559370,77.000000,138.000000,18.559370,2.338124
data/test/clock3,0127,data/test/clock3/audio/0127.wav,158.295795,59.500000,98.795795,77.000000,136.500000,21.795795,2.320920
data/test/clock3,0128,data/test/clock3/audio/0128.wav,160.076671,59.000000,101.076671,77.000000,136.000000,24.076671,2.300639
data/test/clock3,0129,data/test/clock3/audio/0129.wav,161.264892,59.500000,101.764892,77.000000,136.500000,24.764892,2.278812
data/test/clock3,0130,data/test/clock3/audio/0130.wav,162.239041,55.500000,106.739041,77.000000,132.500000,29.739041,2.252587
data/test/clock3,0131,data/test/clock3/audio/0131.wav,162.445340,54.500000,107.945340,77.000000,131.500000,30.945340,2.214048
data/test/clock3,0132,data/test/clock3/audio/0132.wav,161.414104,51.500000,109.914104,77.000000,128.500000,32.914104,2.160875
data/test/clock3,0133,data/test/clock3/audio/0133.wav,158.903490,50.500000,108.403490,77.000000,127.500000,31.403490,2.107184
data/test/clock3,0134,data/test/clock3/audio/0134.wav,155.295648,47.500000,107.795648,77.000000,124.500000,30.795648,2.045421
data/test/clock3,0135,data/test/clock3/audio/0135.wav,151.378876,45.000000,106.378876,77.000000,122.000000,29.378876,1.979206
data/test/clock3,0136,data/test/clock3/audio/0136.wav,147.622682,41.500000,106.122682,77.000000,118.500000,29.122682,1.918612
data/test/clock3,0137,data/test/clock3/audio/0137.wav,144.910427,36.500000,108.410427,77.000000,113.500000,31.410427,1.856924
data/test/clock3,0138,data/test/clock3/audio/0138.wav,143.130466,33.500000,109.630466,77.000000,110.500000,32.630466,1.798877
data/test/clock3,0139,data/test/clock3/audio/0139.wav,141.909816,30.000000,111.909816,77.000000,107.000000,34.909816,1.753018
data/test/clock3,0140,data/test/clock3/audio/0140.wav,140.260954,24.500000,115.760954,77.000000,101.500000,38.760954,1.701672
data/test/clock3,0141,data/test/clock3/audio/0141.wav,137.157288,21.500000,115.657288,77.000000,98.500000,38.657288,1.661408
data/test/clock3,0142,data/test/clock3/audio/0142.wav,133.938671,19.500000,114.438671,77.000000,96.500000,37.438671,1.621330
data/test/clock3,0143,data/test/clock3/audio/0143.wav,130.483838,18.000000,112.483838,77.000000,95.000000,35.483838,1.581786
data/test/clock3,0144,data/test/clock3/audio/0144.wav,126.770934,17.000000,109.770934,77.000000,94.000000,32.770934,1.536429
data/test/clock3,0145,data/test/clock3/audio/0145.wav,123.055775,17.000000,106.055775,77.000000,94.000000,29.055775,1.498256
data/test/clock3,0146,data/test/clock3/audio/0146.wav,119.904927,17.000000,102.904927,77.000000,94.000000,25.904927,1.468726
data/test/clock3,0147,data/test/clock3/audio/0147.wav,118.943551,15.500000,103.443551,77.000000,92.500000,26.443551,1.447608
data/test/clock3,0148,data/test/clock3/audio/0148.wav,119.497151,15.500000,103.997151,77.000000,92.500000,26.997151,1.437523
data/test/clock3,0149,data/test/clock3/audio/0149.wav,120.847097,15.500000,105.347097,77.000000,92.500000,28.347097,1.435633
data/test/clock3,0150,data/test/clock3/audio/0150.wav,122.386389,19.000000,103.386389,77.000000,96.000000,26.386389,1.424803
data/test/clock3,0151,data/test/clock3/audio/0151.wav,123.313410,19.000000,104.313410,77.000000,96.000000,27.313410,1.425078
data/test/clock3,0152,data/test/clock3/audio/0152.wav,124.081110,20.000000,104.081110,77.000000,97.000000,27.081110,1.418945
data/test/clock3,0153,data/test/clock3/audio/0153.wav,124.866827,23.000000,101.866827,77.000000,100.000000,24.866827,1.419849
data/test/clock3,0154,data/test/clock3/audio/0154.wav,125.656288,25.000000,100.656288,77.000000,102.000000,23.656288,1.417383
data/test/clock3,0155,data/test/clock3/audio/0155.wav,126.336465,26.500000,99.836465,77.000000,103.500000,22.836465,1.410729
data/test/clock3,0156,data/test/clock3/audio/0156.wav,127.564848,27.000000,100.564848,77.000000,104.000000,23.564848,1.407511
data/test/clock3,0157,data/test/clock3/audio/0157.wav,128.938795,28.500000,100.438795,77.000000,105.500000,23.438795,1.409593
data/test/clock3,0158,data/test/clock3/audio/0158.wav,129.999947,30.500000,99.499947,77.000000,107.500000,22.499947,1.401549
data/test/clock3,0159,data/test/clock3/audio/0159.wav,131.314840,35.000000,96.314840,77.000000,112.000000,19.314840,1.397071
data/test/clock3,0160,data/test/clock3/audio/0160.wav,132.988523,37.000000,95.988523,77.000000,114.000000,18.988523,1.389473
data/test/clock3,0161,data/test/clock3/audio/0161.wav,134.599656,40.000000,94.599656,77.000000,117.000000,17.599656,1.381315
data/test/clock3,0162,data/test/clock3/audio/0162.wav,136.097817,41.500000,94.597817,77.000000,118.500000,17.597817,1.377917
data/test/clock3,0163,data/test/clock3/audio/0163.wav,137.642778,46.000000,91.642778,77.000000,123.000000,14.642778,1.373068
data/test/clock3,0164,data/test/clock3/audio/0164.wav,139.368658,46.500000,92.868658,77.000000,123.500000,15.868658,1.362526
data/test/clock3,0165,data/test/clock3/audio/0165.wav,141.445008,50.000000,91.445008,77.000000,127.000000,14.445008,1.353587
data/test/clock3,0166,data/test/clock3/audio/0166.wav,143.192771,55.500000,87.692771,77.000000,132.500000,10.692771,1.346661
data/test/clock3,0167,data/test/clock3/audio/0167.wav,145.067262,55.500000,89.567262,77.000000,132.500000,12.567262,1.340233
data/test/clock3,0168,data/test/clock3/audio/0168.wav,146.177714,56.500000,89.677714,77.000000,133.500000,12.677714,1.324975
data/test/clock3,0169,data/test/clock3/audio/0169.wav,146.924186,56.500000,90.424186,77.000000,133.500000,13.424186,1.308236
data/test/clock3,0170,data/test/clock3/audio/0170.wav,147.702513,58.500000,89.202513,77.000000,135.500000,12.202513,1.290637
data/test/clock3,0171,data/test/clock3/audio/0171.wav,148.411364,59.000000,89.411364,77.000000,136.000000,12.411364,1.266631
data/test/clock3,0172,data/test/clock3/audio/0172.wav,147.832232,57.000000,90.832232,77.000000,134.000000,13.832232,1.232199
data/test/clock3,0173,data/test/clock3/audio/0173.wav,145.673100,54.500000,91.173100,77.000000,131.500000,14.173100,1.186978
data/test/clock3,0174,data/test/clock3/audio/0174.wav,142.093329,52.000000,90.093329,77.000000,129.000000,13.093329,1.134424
data/test/clock3,0175,data/test/clock3/audio/0175.wav,137.395252,52.000000,85.395252,77.000000,129.000000,8.395252,1.088499
data/test/clock3,0176,data/test/clock3/audio/0176.wav,132.638053,49.500000,83.138053,77.000000,126.500000,6.138053,1.040713
data/test/clock3,0177,data/test/clock3/audio/0177.wav,128.839702,44.000000,84.839702,77.000000,121.000000,7.839702,1.006608
data/test/clock3,0178,data/test/clock3/audio/0178.wav,126.569716,42.500000,84.069716,77.000000,119.500000,7.069716,0.987807
data/test/clock3,0179,data/test/clock3/audio/0179.wav,125.064343,37.500000,87.564343,77.000000,114.500000,10.564343,0.971014
data/test/clock3,0180,data/test/clock3/audio/0180.wav,124.068774,36.000000,88.068774,77.000000,113.000000,11.068774,0.961175
data/test/clock3,0181,data/test/clock3/audio/0181.wav,123.417584,31.500000,91.917584,77.000000,108.500000,14.917584,0.957102
data/test/clock3,0182,data/test/clock3/audio/0182.wav,121.636161,28.000000,93.636161,77.000000,105.000000,16.636161,0.945184
data/test/clock3,0183,data/test/clock3/audio/0183.wav,119.473997,28.000000,91.473997,77.000000,105.000000,14.473997,0.930668
data/test/clock3,0184,data/test/clock3/audio/0184.wav,116.146001,24.000000,92.146001,77.000000,101.000000,15.146001,0.913986
data/test/clock3,0185,data/test/clock3/audio/0185.wav,112.658424,19.500000,93.158424,77.000000,96.500000,16.158424,0.897843
data/test/clock3,0186,data/test/clock3/audio/0186.wav,108.820486,14.500000,94.320486,77.000000,91.500000,17.320486,0.877188
data/test/clock3,0187,data/test/clock3/audio/0187.wav,104.201865,12.000000,92.201865,77.000000,89.000000,15.201865,0.863370
data/test/clock3,0188,data/test/clock3/audio/0188.wav,99.137539,8.500000,90.637539,77.000000,85.500000,13.637539,0.841311
data/test/clock3,0189,data/test/clock3/audio/0189.wav,93.935236,8.500000,85.435236,77.000000,85.500000,8.435236,0.820355
data/test/clock3,0190,data/test/clock3/audio/0190.wav,88.474104,7.500000,80.974104,77.000000,84.500000,3.974104,0.804075
data/test/clock3,0191,data/test/clock3/audio/0191.wav,83.278550,7.500000,75.778550,77.000000,84.500000,1.221450,0.792100
data/test/clock3,0192,data/test/clock3/audio/0192.wav,78.731980,7.500000,71.231980,77.000000,84.500000,5.768020,0.785336
data/test/clock3,0193,data/test/clock3/audio/0193.wav,76.667705,7.500000,69.167705,77.000000,84.500000,7.832295,0.787818
data/test/clock3,0194,data/test/clock3/audio/0194.wav,76.628077,7.500000,69.128077,77.000000,84.500000,7.871923,0.794605
data/test/clock3,0195,data/test/clock3/audio/0195.wav,77.127288,7.500000,69.627288,77.000000,84.500000,7.372712,0.803334
data/test/clock3,0196,data/test/clock3/audio/0196.wav,77.954855,8.500000,69.454855,77.000000,85.500000,7.545145,0.809819
data/test/clock3,0197,data/test/clock3/audio/0197.wav,79.254175,8.500000,70.754175,77.000000,85.500000,6.245825,0.816315
data/test/clock3,0198,data/test/clock3/audio/0198.wav,80.221330,9.500000,70.721330,77.000000,86.500000,6.278670,0.829433
data/test/clock3,0199,data/test/clock3/audio/0199.wav,81.302774,11.500000,69.802774,77.000000,88.500000,7.197226,0.837388
data/test/clock3,0200,data/test/clock3/audio/0200.wav,82.426614,13.000000,69.426614,77.000000,90.000000,7.573386,0.851865
data/test/clock3,0201,data/test/clock3/audio/0201.wav,83.194682,15.000000,68.194682,77.000000,92.000000,8.805318,0.872923
data/test/clock3,0202,data/test/clock3/audio/0202.wav,83.985235,16.500000,67.485235,77.000000,93.500000,9.514765,0.892783
data/test/clock3,0203,data/test/clock3/audio/0203.wav,85.480890,16.500000,68.980890,77.000000,93.500000,8.019110,0.911417
data/test/clock3,0204,data/test/clock3/audio/0204.wav,86.606833,19.000000,67.606833,77.000000,96.000000,9.393167,0.929062
data/test/clock3,0205,data/test/clock3/audio/0205.wav,87.504668,18.000000,69.504668,77.000000,95.000000,7.495332,0.943621
data/test/clock3,0206,data/test/clock3/audio/0206.wav,88.042095,13.000000,75.042095,77.000000,90.000000,1.957905,0.944381
data/test/clock3,0207,data/test/clock3/audio/0207.wav,87.700947,13.500000,74.200947,77.000000,90.500000,2.799053,0.938880
data/test/clock3,0208,data/test/clock3/audio/0208.wav,85.463801,13.500000,71.963801,77.000000,90.500000,5.036199,0.936834
data/test/clock3,0209,data/test/clock3/audio/0209.wav,81.870588,11.000000,70.870588,77.000000,88.000000,6.129412,0.935988
data/test/clock3,0210,data/test/clock3/audio/0210.wav,76.108777,11.500000,64.608777,77.000000,88.500000,12.391223,0.934596
data/test/clock3,0211,data/test/clock3/audio/0211.wav,68.954626,7.500000,61.454626,77.000000,84.500000,15.545374,0.937926
data/test/clock3,0212,data/test/clock3/audio/0212.wav,61.344401,7.500000,53.844401,77.000000,84.500000,23.155599,0.945959
data/test/clock3,0213,data/test/clock3/audio/0213.wav,53.225673,4.500000,48.725673,77.000000,81.500000,28.274327,0.969016
data/test/clock3,0214,data/test/clock3/audio/0214.wav,45.104066,4.500000,40.604066,77.000000,81.500000,36.395934,0.996349
data/test/clock3,0215,data/test/clock3/audio/0215.wav,37.642457,3.000000,34.642457,77.000000,80.000000,42.357543,1.031634
data/test/clock3,0216,data/test/clock3/audio/0216.wav,32.016802,0.000000,32.016802,77.000000,77.000000,44.983198,1.058250
data/test/clock3,0217,data/test/clock3/audio/0217.wav,27.529274,-2.000000,29.529274,77.000000,75.000000,47.470726,1.088935
data/test/clock3,0218,data/test/clock3/audio/0218.wav,24.697838,-3.000000,27.697838,77.000000,74.000000,49.302162,1.104568
data/test/clock3,0219,data/test/clock3/audio/0219.wav,22.714388,-5.500000,28.214388,77.000000,71.500000,48.785612,1.119546
data/test/clock3,0220,data/test/clock3/audio/0220.wav,21.106545,-7.500000,28.606545,77.000000,69.500000,48.393455,1.130042
data/test/clock3,0221,data/test/clock3/audio/0221.wav,19.404837,-6.500000,25.904837,77.000000,70.500000,51.095163,1.144795
data/test/clock3,0222,data/test/clock3/audio/0222.wav,17.085979,-8.500000,25.585979,77.000000,68.500000,51.414021,1.161088
data/test/clock3,0223,data/test/clock3/audio/0223.wav,16.476699,-9.500000,25.976699,77.000000,67.500000,51.023301,1.192763
data/test/clock3,0224,data/test/clock3/audio/0224.wav,15.584035,-9.500000,25.084035,77.000000,67.500000,51.915965,1.239697
data/test/clock3,0225,data/test/clock3/audio/0225.wav,15.216977,-12.000000,27.216977,77.000000,65.000000,49.783023,1.303452
data/test/clock3,0226,data/test/clock3/audio/0226.wav,13.953177,-10.500000,24.453177,77.000000,66.500000,52.546823,1.373936
data/test/clock3,0227,data/test/clock3/audio/0227.wav,13.362996,-12.500000,25.862996,77.000000,64.500000,51.137004,1.443377
data/test/clock3,0228,data/test/clock3/audio/0228.wav,12.596885,-10.500000,23.096885,77.000000,66.500000,53.903115,1.520165
data/test/clock3,0229,data/test/clock3/audio/0229.wav,12.322424,-12.000000,24.322424,77.000000,65.000000,52.677576,1.592458
data/test/clock3,0230,data/test/clock3/audio/0230.wav,11.187239,-13.000000,24.187239,77.000000,64.000000,52.812761,1.661545
data/test/clock3,0231,data/test/clock3/audio/0231.wav,10.861361,-9.500000,20.361361,77.000000,67.500000,56.638639,1.729405
data/test/clock3,0232,data/test/clock3/audio/0232.wav,10.578126,-9.500000,20.078126,77.000000,67.500000,56.921874,1.790187
data/test/clock3,0233,data/test/clock3/audio/0233.wav,9.977100,-10.000000,19.977100,77.000000,67.000000,57.022900,1.844315
data/test/clock3,0234,data/test/clock3/audio/0234.wav,9.618313,-9.500000,19.118313,77.000000,67.500000,57.881687,1.895769
data/test/clock3,0235,data/test/clock3/audio/0235.wav,9.620504,-6.000000,15.620504,77.000000,71.000000,61.379496,1.947144
data/test/clock3,0236,data/test/clock3/audio/0236.wav,11.857879,-5.500000,17.357879,77.000000,71.500000,59.642121,1.999444
data/test/clock3,0237,data/test/clock3/audio/0237.wav,14.840563,-6.000000,20.840563,77.000000,71.000000,56.159437,2.052570
data/test/clock3,0238,data/test/clock3/audio/0238.wav,18.263361,-2.500000,20.763361,77.000000,74.500000,56.236639,2.107281
data/test/clock3,0239,data/test/clock3/audio/0239.wav,21.434795,-1.000000,22.434795,77.000000,76.000000,54.565205,2.160834
data/test/clock3,0240,data/test/clock3/audio/0240.wav,24.602376,5.000000,19.602376,77.000000,82.000000,57.397624,2.221734
data/test/clock3,0241,data/test/clock3/audio/0241.wav,28.283665,6.000000,22.283665,77.000000,83.000000,54.716335,2.282353
data/test/clock3,0242,data/test/clock3/audio/0242.wav,31.705824,9.000000,22.705824,77.000000,86.000000,54.294176,2.336172
data/test/clock3,0243,data/test/clock3/audio/0243.wav,34.859452,12.000000,22.859452,77.000000,89.000000,54.140548,2.385811
data/test/clock3,0244,data/test/clock3/audio/0244.wav,37.681993,9.000000,28.681993,77.000000,86.000000,48.318007,2.435376
data/test/clock3,0245,data/test/clock3/audio/0245.wav,40.157414,5.000000,35.157414,77.000000,82.000000,41.842586,2.481662
data/test/clock3,0246,data/test/clock3/audio/0246.wav,41.032252,8.500000,32.532252,77.000000,85.500000,44.467748,2.519336
data/test/clock3,0247,data/test/clock3/audio/0247.wav,41.372225,6.000000,35.372225,77.000000,83.000000,41.627775,2.537227
data/test/clock3,0248,data/test/clock3/audio/0248.wav,41.310876,42.500000,1.189124,77.000000,119.500000,78.189124,2.540905
data/test/clock3,0249,data/test/clock3/audio/0249.wav,41.788228,41.500000,0.288228,77.000000,118.500000,76.711772,2.536128
data/test/clock3,0250,data/test/clock3/audio/0250.wav,41.643329,41.500000,0.143329,77.000000,118.500000,76.856671,2.523031
data/test/clock3,0251,data/test/clock3/audio/0251.wav,41.894137,41.500000,0.394137,77.000000,118.500000,76.605863,2.517395
data/test/clock3,0252,data/test/clock3/audio/0252.wav,42.333048,41.500000,0.833048,77.000000,118.500000,76.166952,2.517470
data/test/clock3,0253,data/test/clock3/audio/0253.wav,42.604336,45.000000,2.395664,77.000000,122.000000,79.395664,2.522981
data/test/clock3,0254,data/test/clock3/audio/0254.wav,43.531067,39.500000,4.031067,77.000000,116.500000,72.968933,2.522265
data/test/clock3,0255,data/test/clock3/audio/0255.wav,45.732221,42.000000,3.732221,77.000000,119.000000,73.267779,2.529049
data/test/clock3,0256,data/test/clock3/audio/0256.wav,49.683564,42.000000,7.683564,77.000000,119.000000,69.316436,2.537767
data/test/clock3,0257,data/test/clock3/audio/0257.wav,55.714809,12.500000,43.214809,77.000000,89.500000,33.785191,2.556931
data/test/clock3,0258,data/test/clock3/audio/0258.wav,63.526551,10.000000,53.526551,77.000000,87.000000,23.473449,2.586162
data/test/clock3,0259,data/test/clock3/audio/0259.wav,72.748072,9.500000,63.248072,77.000000,86.500000,13.751928,2.622790
data/test/clock3,0260,data/test/clock3/audio/0260.wav,83.003266,10.000000,73.003266,77.000000,87.000000,3.996734,2.666526
data/test/clock3,0261,data/test/clock3/audio/0261.wav,94.744484,8.500000,86.244484,77.000000,85.500000,9.244484,2.723197
data/test/clock3,0262,data/test/clock3/audio/0262.wav,107.549989,8.000000,99.549989,77.000000,85.000000,22.549989,2.785919
data/test/clock3,0263,data/test/clock3/audio/0263.wav,121.347832,7.000000,114.347832,77.000000,84.000000,37.347832,2.847519
data/test/clock3,0264,data/test/clock3/audio/0264.wav,134.869598,58.500000,76.369598,77.000000,135.500000,0.630402,2.905432
data/test/clock3,0265,data/test/clock3/audio/0265.wav,148.774853,59.000000,89.774853,77.000000,136.000000,12.774853,2.952885
data/test/clock3,0266,data/test/clock3/audio/0266.wav,161.186222,2.000000,159.186222,77.000000,79.000000,82.186222,2.982477
data/test/clock3,0267,data/test/clock3/audio/0267.wav,170.694719,59.500000,111.194719,77.000000,136.500000,34.194719,2.997809
data/test/clock3,0268,data/test/clock3/audio/0268.wav,175.930674,59.500000,116.430674,77.000000,136.500000,39.430674,3.006304
data/test/clock3,0269,data/test/clock3/audio/0269.wav,176.993848,61.000000,115.993848,77.000000,138.000000,38.993848,3.006113
data/test/clock3,0270,data/test/clock3/audio/0270.wav,176.289122,61.000000,115.289122,77.000000,138.000000,38.289122,3.006392
data/test/clock3,0271,data/test/clock3/audio/0271.wav,175.741232,61.500000,114.241232,77.000000,138.500000,37.241232,3.008619
data/test/clock3,0272,data/test/clock3/audio/0272.wav,175.839614,66.000000,109.839614,77.000000,143.000000,32.839614,3.007830
data/test/clock3,0273,data/test/clock3/audio/0273.wav,175.546722,67.500000,108.046722,77.000000,144.500000,31.046722,3.005900
data/test/clock3,0274,data/test/clock3/audio/0274.wav,175.474171,88.500000,86.974171,77.000000,165.500000,9.974171,3.006091
data/test/clock3,0275,data/test/clock3/audio/0275.wav,175.424366,171.000000,4.424366,77.000000,-112.000000,72.575634,3.000890
data/test/clock3,0276,data/test/clock3/audio/0276.wav,175.334972,178.500000,3.165028,77.000000,-104.500000,80.165028,2.986089
data/test/clock3,0277,data/test/clock3/audio/0277.wav,175.296218,178.500000,3.203782,77.000000,-104.500000,80.203782,2.963515
data/test/clock3,0278,data/test/clock3/audio/0278.wav,174.899233,178.500000,3.600767,77.000000,-104.500000,80.600767,2.928279
data/test/clock3,0279,data/test/clock3/audio/0279.wav,175.052093,176.000000,0.947907,77.000000,-107.000000,77.947907,2.884365
data/test/clock3,0280,data/test/clock3/audio/0280.wav,174.984857,176.000000,1.015143,77.000000,-107.000000,78.015143,2.832726
data/test/clock3,0281,data/test/clock3/audio/0281.wav,175.207234,176.000000,0.792766,77.000000,-107.000000,77.792766,2.773417
data/test/clock3,0282,data/test/clock3/audio/0282.wav,174.618540,174.500000,0.118540,77.000000,-108.500000,76.881460,2.714132
data/test/clock3,0283,data/test/clock3/audio/0283.wav,172.735839,174.500000,1.764161,77.000000,-108.500000,78.764161,2.661269
data/test/clock3,0284,data/test/clock3/audio/0284.wav,170.880459,174.500000,3.619541,77.000000,-108.500000,80.619541,2.611713
data/test/clock3,0285,data/test/clock3/audio/0285.wav,168.382482,168.000000,0.382482,77.000000,-115.000000,76.617518,2.560748
data/test/clock3,0286,data/test/clock3/audio/0286.wav,165.819412,169.500000,3.680588,77.000000,-113.500000,80.680588,2.517111
data/test/clock3,0287,data/test/clock3/audio/0287.wav,163.358085,167.500000,4.141915,77.000000,-115.500000,81.141915,2.476092
data/test/clock3,0288,data/test/clock3/audio/0288.wav,161.610404,161.500000,0.110404,77.000000,-121.500000,76.889596,2.435632
data/test/clock3,0289,data/test/clock3/audio/0289.wav,160.483914,167.500000,7.016086,77.000000,-115.500000,84.016086,2.393851
data/test/clock3,0290,data/test/clock3/audio/0290.wav,160.312272,168.000000,7.687728,77.000000,-115.000000,84.687728,2.355876
data/test/clock3,0291,data/test/clock3/audio/0291.wav,160.455350,169.500000,9.044650,77.000000,-113.500000,86.044650,2.314202
data/test/clock3,0292,data/test/clock3/audio/0292.wav,161.090845,168.500000,7.409155,77.000000,-114.500000,84.409155,2.276432
data/test/clock3,0293,data/test/clock3/audio/0293.wav,161.936859,169.500000,7.563141,77.000000,-113.500000,84.563141,2.233433
data/test/clock3,0294,data/test/clock3/audio/0294.wav,163.630951,171.500000,7.869049,77.000000,-111.500000,84.869049,2.201901
data/test/clock3,0295,data/test/clock3/audio/0295.wav,165.663506,168.500000,2.836494,77.000000,-114.500000,79.836494,2.163168
data/test/clock3,0296,data/test/clock3/audio/0296.wav,167.806833,171.000000,3.193167,77.000000,-112.000000,80.193167,2.125948
data/test/clock3,0297,data/test/clock3/audio/0297.wav,169.890683,172.500000,2.609317,77.000000,-110.500000,79.609317,2.092318
data/test/clock3,0298,data/test/clock3/audio/0298.wav,171.784162,174.500000,2.715838,77.000000,-108.500000,79.715838,2.064513
data/test/clock3,0299,data/test/clock3/audio/0299.wav,173.392903,172.500000,0.892903,77.000000,-110.500000,76.107097,2.045302
data/test/clock3,0300,data/test/clock3/audio/0300.wav,174.766700,172.500000,2.266700,77.000000,-110.500000,74.733300,2.030315
data/test/clock3,0301,data/test/clock3/audio/0301.wav,175.853343,174.500000,1.353343,77.000000,-108.500000,75.646657,2.019183
data/test/clock3,0302,data/test/clock3/audio/0302.wav,176.754135,174.500000,2.254135,77.000000,-108.500000,74.745865,2.006051
data/test/clock3,0303,data/test/clock3/audio/0303.wav,178.025766,174.500000,3.525766,77.000000,-108.500000,73.474234,1.989215
data/test/clock3,0304,data/test/clock3/audio/0304.wav,179.455243,174.000000,5.455243,77.000000,-109.000000,71.544757,1.975216
data/test/clock3,0305,data/test/clock3/audio/0305.wav,-179.077042,177.000000,3.922958,77.000000,-106.000000,73.077042,1.959225
data/test/clock3,0306,data/test/clock3/audio/0306.wav,-177.346121,178.500000,4.153879,77.000000,-104.500000,72.846121,1.950216
data/test/clock3,0307,data/test/clock3/audio/0307.wav,-175.273897,-180.000000,4.726103,77.000000,-103.000000,72.273897,1.928044
data/test/clock3,0308,data/test/clock3/audio/0308.wav,-172.708641,-180.000000,7.291359,77.000000,-103.000000,69.708641,1.902854
data/test/clock3,0309,data/test/clock3/audio/0309.wav,-169.981251,-180.000000,10.018749,77.000000,-103.000000,66.981251,1.877620
data/test/clock3,0310,data/test/clock3/audio/0310.wav,-167.453794,-177.500000,10.046206,77.000000,-100.500000,66.953794,1.846823
data/test/clock3,0311,data/test/clock3/audio/0311.wav,-164.673402,-175.000000,10.326598,77.000000,-98.000000,66.673402,1.821147
data/test/clock3,0312,data/test/clock3/audio/0312.wav,-161.781568,-172.000000,10.218432,77.000000,-95.000000,66.781568,1.795560
data/test/clock3,0313,data/test/clock3/audio/0313.wav,-159.180400,-172.500000,13.319600,77.000000,-95.500000,63.680400,1.769437
data/test/clock3,0314,data/test/clock3/audio/0314.wav,-156.123303,-167.500000,11.376697,77.000000,-90.500000,65.623303,1.744984
data/test/clock3,0315,data/test/clock3/audio/0315.wav,-153.389984,-167.500000,14.110016,77.000000,-90.500000,62.889984,1.725335
data/test/clock3,0316,data/test/clock3/audio/0316.wav,-150.463111,-167.500000,17.036889,77.000000,-90.500000,59.963111,1.703025
data/test/clock3,0317,data/test/clock3/audio/0317.wav,-147.759026,-164.500000,16.740974,77.000000,-87.500000,60.259026,1.676239
data/test/clock3,0318,data/test/clock3/audio/0318.wav,-145.214179,-164.500000,19.285821,77.000000,-87.500000,57.714179,1.650974
data/test/clock3,0319,data/test/clock3/audio/0319.wav,-142.383312,-161.000000,18.616688,77.000000,-84.000000,58.383312,1.628138
data/test/clock3,0320,data/test/clock3/audio/0320.wav,-139.408396,-163.500000,24.091604,77.000000,-86.500000,52.908396,1.604602
data/test/clock3,0321,data/test/clock3/audio/0321.wav,-136.184656,-166.000000,29.815344,77.000000,-89.000000,47.184656,1.577870
data/test/clock3,0322,data/test/clock3/audio/0322.wav,-132.620704,-164.000000,31.379296,77.000000,-87.000000,45.620704,1.549235
data/test/clock3,0323,data/test/clock3/audio/0323.wav,-129.625693,-165.500000,35.874307,77.000000,-88.500000,41.125693,1.528362
data/test/clock3,0324,data/test/clock3/audio/0324.wav,-125.967403,-118.000000,7.967403,77.000000,-41.000000,84.967403,1.504725
data/test/clock3,0325,data/test/clock3/audio/0325.wav,-123.219208,-119.500000,3.719208,77.000000,-42.500000,80.719208,1.481849
data/test/clock3,0326,data/test/clock3/audio/0326.wav,-120.788590,-117.500000,3.288590,77.000000,-40.500000,80.288590,1.462159
data/test/clock3,0327,data/test/clock3/audio/0327.wav,-118.822834,-117.500000,1.322834,77.000000,-40.500000,78.322834,1.438440
data/test/clock3,0328,data/test/clock3/audio/0328.wav,-118.619936,-116.500000,2.119936,77.000000,-39.500000,79.119936,1.425831
data/test/clock3,0329,data/test/clock3/audio/0329.wav,-119.347652,-120.000000,0.652348,77.000000,-43.000000,76.347652,1.415342
data/test/clock3,0330,data/test/clock3/audio/0330.wav,-120.058784,-129.000000,8.941216,77.000000,-52.000000,68.058784,1.402752
data/test/clock3,0331,data/test/clock3/audio/0331.wav,-120.321787,-140.000000,19.678213,77.000000,-63.000000,57.321787,1.384222
data/test/clock3,0332,data/test/clock3/audio/0332.wav,-121.132558,-146.500000,25.367442,77.000000,-69.500000,51.632558,1.360543
data/test/clock3,0333,data/test/clock3/audio/0333.wav,-122.341379,-149.500000,27.158621,77.000000,-72.500000,49.841379,1.343526
data/test/clock3,0334,data/test/clock3/audio/0334.wav,-122.871497,-152.000000,29.128503,77.000000,-75.000000,47.871497,1.326087
data/test/clock3,0335,data/test/clock3/audio/0335.wav,-123.641259,-157.500000,33.858741,77.000000,-80.500000,43.141259,1.307242
data/test/clock3,0336,data/test/clock3/audio/0336.wav,-124.487806,-162.000000,37.512194,77.000000,-85.000000,39.487806,1.290506
data/test/clock3,0337,data/test/clock3/audio/0337.wav,-125.328862,-162.500000,37.171138,77.000000,-85.500000,39.828862,1.272899
data/test/clock3,0338,data/test/clock3/audio/0338.wav,-126.231485,-162.500000,36.268515,77.000000,-85.500000,40.731485,1.262316
data/test/clock3,0339,data/test/clock3/audio/0339.wav,-127.400008,-165.500000,38.099992,77.000000,-88.500000,38.900008,1.244246
data/test/clock3,0340,data/test/clock3/audio/0340.wav,-127.980888,-167.000000,39.019112,77.000000,-90.000000,37.980888,1.244291
data/test/clock3,0341,data/test/clock3/audio/0341.wav,-128.620713,-168.000000,39.379287,77.000000,-91.000000,37.620713,1.235940
data/test/clock3,0342,data/test/clock3/audio/0342.wav,-129.164328,-169.500000,40.335672,77.000000,-92.500000,36.664328,1.227996
data/test/clock3,0343,data/test/clock3/audio/0343.wav,-129.859545,-171.000000,41.140455,77.000000,-94.000000,35.859545,1.221046
data/test/clock3,0344,data/test/clock3/audio/0344.wav,-130.160620,-173.000000,42.839380,77.000000,-96.000000,34.160620,1.217144
data/test/clock3,0345,data/test/clock3/audio/0345.wav,-130.839418,-173.000000,42.160582,77.000000,-96.000000,34.839418,1.201911
data/test/clock3,0346,data/test/clock3/audio/0346.wav,-131.909244,-175.000000,43.090756,77.000000,-98.000000,33.909244,1.191776
data/test/clock3,0347,data/test/clock3/audio/0347.wav,-132.857220,-175.000000,42.142780,77.000000,-98.000000,34.857220,1.181650
data/test/clock3,0348,data/test/clock3/audio/0348.wav,-134.363222,-178.000000,43.636778,77.000000,-101.000000,33.363222,1.170999
data/test/clock3,0349,data/test/clock3/audio/0349.wav,-135.665507,-179.000000,43.334493,77.000000,-102.000000,33.665507,1.156162
data/test/clock3,0350,data/test/clock3/audio/0350.wav,-137.326240,178.000000,44.673760,77.000000,-105.000000,32.326240,1.144071
data/test/clock3,0351,data/test/clock3/audio/0351.wav,-138.662662,177.000000,44.337338,77.000000,-106.000000,32.662662,1.129988
data/test/clock3,0352,data/test/clock3/audio/0352.wav,-139.827838,177.000000,43.172162,77.000000,-106.000000,33.827838,1.118068
data/test/clock3,0353,data/test/clock3/audio/0353.wav,-141.447071,177.000000,41.552929,77.000000,-106.000000,35.447071,1.109576
data/test/clock3,0354,data/test/clock3/audio/0354.wav,-142.674251,176.000000,41.325749,77.000000,-107.000000,35.674251,1.104303
data/test/clock3,0355,data/test/clock3/audio/0355.wav,-143.653481,174.000000,42.346519,77.000000,-109.000000,34.653481,1.096558
data/test/clock3,0356,data/test/clock3/audio/0356.wav,-145.071032,173.000000,41.928968,77.000000,-110.000000,35.071032,1.086723
data/test/clock3,0357,data/test/clock3/audio/0357.wav,-146.494403,172.000000,41.505597,77.000000,-111.000000,35.494403,1.076602
data/test/clock3,0358,data/test/clock3/audio/0358.wav,-147.799625,170.500000,41.700375,77.000000,-112.500000,35.299625,1.060865
data/test/clock3,0359,data/test/clock3/audio/0359.wav,-148.996151,169.000000,42.003849,77.000000,-114.000000,34.996151,1.042804
data/test/clock3,0360,data/test/clock3/audio/0360.wav,-150.302110,166.500000,43.197890,77.000000,-116.500000,33.802110,1.034971
data/test/clock3,0361,data/test/clock3/audio/0361.wav,-151.703269,165.000000,43.296731,77.000000,-118.000000,33.703269,1.016047
data/test/clock3,0362,data/test/clock3/audio/0362.wav,-152.940216,165.000000,42.059784,77.000000,-118.000000,34.940216,0.997505
data/test/clock3,0363,data/test/clock3/audio/0363.wav,-153.994538,161.000000,45.005462,77.000000,-122.000000,31.994538,0.974820
data/test/clock3,0364,data/test/clock3/audio/0364.wav,-155.099020,158.500000,46.400980,77.000000,-124.500000,30.599020,0.955784
data/test/clock3,0365,data/test/clock3/audio/0365.wav,-156.731927,156.000000,47.268073,77.000000,-127.000000,29.731927,0.930989
data/test/clock3,0366,data/test/clock3/audio/0366.wav,-158.090274,152.500000,49.409726,77.000000,-130.500000,27.590274,0.914598
data/test/clock3,0367,data/test/clock3/audio/0367.wav,-159.390169,149.000000,51.609831,77.000000,-134.000000,25.390169,0.893077
data/test/clock3,0368,data/test/clock3/audio/0368.wav,-160.334156,149.000000,50.665844,77.000000,-134.000000,26.334156,0.878253
data/test/clock3,0369,data/test/clock3/audio/0369.wav,-161.601279,146.500000,51.898721,77.000000,-136.500000,25.101279,0.856223
data/test/clock3,0370,data/test/clock3/audio/0370.wav,-162.608827,142.500000,54.891173,77.000000,-140.500000,22.108827,0.837151
data/test/clock3,0371,data/test/clock3/audio/0371.wav,-163.927409,138.500000,57.572591,77.000000,-144.500000,19.427409,0.811278
data/test/clock3,0372,data/test/clock3/audio/0372.wav,-164.775500,136.500000,58.724500,77.000000,-146.500000,18.275500,0.786035
data/test/clock3,0373,data/test/clock3/audio/0373.wav,-166.099272,135.000000,58.900728,77.000000,-148.000000,18.099272,0.768299
data/test/clock3,0374,data/test/clock3/audio/0374.wav,-166.948811,133.000000,60.051189,77.000000,-150.000000,16.948811,0.743736
data/test/clock3,0375,data/test/clock3/audio/0375.wav,-168.337744,130.500000,61.162256,77.000000,-152.500000,15.837744,0.726172
data/test/clock3,0376,data/test/clock3/audio/0376.wav,-169.264655,129.500000,61.235345,77.000000,-153.500000,15.764655,0.710728
data/test/clock3,0377,data/test/clock3/audio/0377.wav,-170.151979,127.500000,62.348021,77.000000,-155.500000,14.651979,0.689918
data/test/clock3,0378,data/test/clock3/audio/0378.wav,-170.970276,122.500000,66.529724,77.000000,-160.500000,10.470276,0.668672
data/test/clock3,0379,data/test/clock3/audio/0379.wav,-171.715641,121.500000,66.784359,77.000000,-161.500000,10.215641,0.653181
data/test/clock3,0380,data/test/clock3/audio/0380.wav,-172.719993,119.500000,67.780007,77.000000,-163.500000,9.219993,0.636512
data/test/clock3,0381,data/test/clock3/audio/0381.wav,-173.734399,118.500000,67.765601,77.000000,-164.500000,9.234399,0.605696
data/test/clock3,0382,data/test/clock3/audio/0382.wav,-174.865233,117.000000,68.134767,77.000000,-166.000000,8.865233,0.586760
data/test/clock3,0383,data/test/clock3/audio/0383.wav,-176.040230,112.500000,71.459770,77.000000,-170.500000,5.540230,0.571574
data/test/clock3,0384,data/test/clock3/audio/0384.wav,-177.972354,110.000000,72.027646,77.000000,-173.000000,4.972354,0.548225
data/test/clock3,0385,data/test/clock3/audio/0385.wav,-179.151012,107.500000,73.348988,77.000000,-175.500000,3.651012,0.532180
data/test/clock3,0386,data/test/clock3/audio/0386.wav,-179.767191,105.500000,74.732809,77.000000,-177.500000,2.267191,0.514993
data/test/clock3,0387,data/test/clock3/audio/0387.wav,179.532315,104.500000,75.032315,77.000000,-178.500000,1.967685,0.488727
data/test/clock3,0388,data/test/clock3/audio/0388.wav,179.490131,104.500000,74.990131,77.000000,-178.500000,2.009869,0.474978
data/test/clock3,0389,data/test/clock3/audio/0389.wav,178.842602,102.000000,76.842602,77.000000,179.000000,0.157398,0.469736
data/test/clock3,0390,data/test/clock3/audio/0390.wav,179.408388,102.500000,76.908388,77.000000,179.500000,0.091612,0.472003
data/test/clock3,0391,data/test/clock3/audio/0391.wav,179.626257,102.500000,77.126257,77.000000,179.500000,0.126257,0.479693
data/test/clock3,0392,data/test/clock3/audio/0392.wav,-179.999021,102.500000,77.500979,77.000000,179.500000,0.500979,0.477242
data/test/clock3,0393,data/test/clock3/audio/0393.wav,-179.583418,105.500000,74.916582,77.000000,-177.500000,2.083418,0.477969
data/test/clock3,0394,data/test/clock3/audio/0394.wav,-179.831340,105.500000,74.668660,77.000000,-177.500000,2.331340,0.478960
data/test/clock3,0395,data/test/clock3/audio/0395.wav,179.789225,103.500000,76.289225,77.000000,-179.500000,0.710775,0.476999
data/test/clock3,0396,data/test/clock3/audio/0396.wav,178.499003,105.500000,72.999003,77.000000,-177.500000,4.000997,0.473852
data/test/clock3,0397,data/test/clock3/audio/0397.wav,178.399569,105.000000,73.399569,77.000000,-178.000000,3.600431,0.475344
data/test/clock3,0398,data/test/clock3/audio/0398.wav,178.519876,105.000000,73.519876,77.000000,-178.000000,3.480124,0.473014
data/test/clock3,0399,data/test/clock3/audio/0399.wav,178.943539,103.500000,75.443539,77.000000,-179.500000,1.556461,0.476895
data/test/clock3,0400,data/test/clock3/audio/0400.wav,179.520895,105.500000,74.020895,77.000000,-177.500000,2.979105,0.475978
data/test/clock3,0401,data/test/clock3/audio/0401.wav,179.529186,105.500000,74.029186,77.000000,-177.500000,2.970814,0.479394
data/test/clock3,0402,data/test/clock3/audio/0402.wav,179.229847,105.500000,73.729847,77.000000,-177.500000,3.270153,0.481731
data/test/clock3,0403,data/test/clock3/audio/0403.wav,179.124020,105.500000,73.624020,77.000000,-177.500000,3.375980,0.485517
data/test/clock3,0404,data/test/clock3/audio/0404.wav,179.225434,105.500000,73.725434,77.000000,-177.500000,3.274566,0.487537
data/test/clock3,0405,data/test/clock3/audio/0405.wav,178.728155,107.000000,71.728155,77.000000,-176.000000,5.271845,0.485467
data/test/clock3,0406,data/test/clock3/audio/0406.wav,178.901574,105.500000,73.401574,77.000000,-177.500000,3.598426,0.481265
data/test/clock3,0407,data/test/clock3/audio/0407.wav,179.220762,105.500000,73.720762,77.000000,-177.500000,3.279238,0.480971
data/test/clock3,0408,data/test/clock3/audio/0408.wav,179.659547,106.000000,73.659547,77.000000,-177.000000,3.340453,0.484025
data/test/clock3,0409,data/test/clock3/audio/0409.wav,179.511660,108.000000,71.511660,77.000000,-175.000000,5.488340,0.476902
data/test/clock3,0410,data/test/clock3/audio/0410.wav,179.761003,107.500000,72.261003,77.000000,-175.500000,4.738997,0.482235
data/test/clock3,0411,data/test/clock3/audio/0411.wav,-179.711293,107.500000,72.788707,77.000000,-175.500000,4.211293,0.478280
data/test/clock3,0412,data/test/clock3/audio/0412.wav,180.000005,105.000000,75.000005,77.000000,-178.000000,1.999995,0.480000
